{
    "damping_slope": -0.1745885979398666,
    "friction_const": -6.840279387230621e-09
}